{"info":{"arch":"wasm32","platform":"emscripten_3_1_32","version":"0.23.1","python":"3.11.2"},"packages":{"altair":{"name":"altair","version":"4.2.2","file_name":"altair-4.2.2-py3-none-any.whl","install_dir":"site","sha256":"a5284979b54eaf9dba5b117e961acd58428788dc36d7c15a243209e57c9cd986","package_type":"package","imports":["altair"],"depends":["jinja2","jsonschema","numpy","pandas","toolz","entrypoints"],"unvendored_tests":true},"altair-tests":{"name":"altair-tests","version":"4.2.2","depends":["altair"],"imports":[],"file_name":"altair-tests.tar","install_dir":"site","sha256":"77c628757825ebd18391ccbca4d3c36014e994a3093553de3d9e4227aa909c8b"},"attrs":{"name":"attrs","version":"22.2.0","file_name":"attrs-22.2.0-py3-none-any.whl","install_dir":"site","sha256":"387e35a3f7152947443684df754282cf99d914d237004b7be9f778e081096283","package_type":"package","imports":["attr","attrs"],"depends":["six"]},"cffi":{"name":"cffi","version":"1.15.1","file_name":"cffi-1.15.1-cp311-cp311-emscripten_3_1_32_wasm32.whl","install_dir":"site","sha256":"b1f2eaa964fb2d3d987bbf0df446cb1e5204ec575d85403da62d0bc6e7260188","package_type":"package","imports":["cffi"],"depends":["pycparser"]},"clapack":{"name":"CLAPACK","version":"3.2.1","file_name":"CLAPACK-3.2.1.zip","install_dir":"dynlib","sha256":"3be0d11de53cbfe826bd21a3c8016f43c62cd55171b3a6e7c0e5f8ff81efa8d8","package_type":"shared_library","imports":[],"shared_library":true,"depends":[]},"clingo":{"name":"clingo","version":"5.6.2","file_name":"clingo-5.6.2-cp311-cp311-emscripten_3_1_32_wasm32.whl","install_dir":"site","sha256":"963cd7d491f4240ea6e478eccfdb578ba9a562759344bfaa54f6afe027a8b1fb","package_type":"package","imports":["clingo"],"depends":["cffi"]},"cycler":{"name":"cycler","version":"0.11.0","file_name":"cycler-0.11.0-py3-none-any.whl","install_dir":"site","sha256":"171f014cb651e582434ca110811a04f7d920687288f36ecd56da28bc2f1460c5","package_type":"package","imports":["cycler"],"depends":["six"]},"distutils":{"name":"distutils","version":"1.0.0","file_name":"distutils-1.0.0.zip","install_dir":"stdlib","sha256":"0dc79c9a65ac461efb1f5238771ff6a1367282401de6d7bef7df0f890086a3e8","package_type":"cpython_module","imports":["distutils"],"shared_library":true,"depends":[]},"draco":{"name":"draco","version":"2.0.0b5","file_name":"draco-2.0.0b5-py3-none-any.whl","install_dir":"site","sha256":"80dad36ca2445e922ea67119525b2e32d301d807cff93384d0d4bbc94c5a78e9","package_type":"package","imports":["draco"],"depends":["altair","clingo","matplotlib","pandas","pydantic","scikit-learn","vega-datasets"]},"entrypoints":{"name":"entrypoints","version":"0.4","file_name":"entrypoints-0.4-py3-none-any.whl","install_dir":"site","sha256":"04c01cfc2ca78b16dd147280a54cf60d536fb11e359e339272c3b8871b7f52dc","package_type":"package","imports":["entrypoints"],"depends":[]},"fonttools":{"name":"fonttools","version":"4.39.3","file_name":"fonttools-4.39.3-py3-none-any.whl","install_dir":"site","sha256":"d1ef05edc34625f46585d04fd481364f124c621352f4750b7724f312e2678227","package_type":"package","imports":["fontTools"],"depends":[]},"hashlib":{"name":"hashlib","version":"1.0.0","file_name":"hashlib-1.0.0.zip","install_dir":"stdlib","sha256":"abdc3da8a6cd31e5d5df1d9851fc514d4976ce71d66c057ce6bcd9d4215af7c6","package_type":"cpython_module","imports":["_hashlib"],"shared_library":true,"depends":["openssl"]},"jinja2":{"name":"Jinja2","version":"3.1.2","file_name":"Jinja2-3.1.2-py3-none-any.whl","install_dir":"site","sha256":"0657951e53024bd7931d29ecdd372bdad42ffcd29b99e6278acd082d57c2c30e","package_type":"package","imports":["jinja2"],"depends":["markupsafe"]},"joblib":{"name":"joblib","version":"1.2.0","file_name":"joblib-1.2.0-py3-none-any.whl","install_dir":"site","sha256":"0fefabbfff9cd32cbcc87ee269f4ce1b48882dec890899d3d673b1625ad33491","package_type":"package","imports":["joblib"],"depends":["distutils"],"unvendored_tests":true},"joblib-tests":{"name":"joblib-tests","version":"1.2.0","depends":["joblib"],"imports":[],"file_name":"joblib-tests.tar","install_dir":"site","sha256":"e4d57f997279cc297da28328b41040f2ac9eac00ed2b1c395df9d04e5e8a2aad"},"jsonschema":{"name":"jsonschema","version":"4.17.3","file_name":"jsonschema-4.17.3-py3-none-any.whl","install_dir":"site","sha256":"0f25791616e359951730d320f753b12d48c45a7692cda404ddcc4f193a936fce","package_type":"package","imports":["jsonschema"],"depends":["attrs","pyrsistent"],"unvendored_tests":true},"jsonschema-tests":{"name":"jsonschema-tests","version":"4.17.3","depends":["jsonschema"],"imports":[],"file_name":"jsonschema-tests.tar","install_dir":"site","sha256":"adb7933e8ca2c8742068eaf9ef2a01bbe9b4636c6f009f3aaadb89ee078aa7f2"},"kiwisolver":{"name":"kiwisolver","version":"1.4.4","file_name":"kiwisolver-1.4.4-cp311-cp311-emscripten_3_1_32_wasm32.whl","install_dir":"site","sha256":"0bc250bf25e8a2562a435b4ddebb5c022756e5ebd6a54ff6d14acc13d3b0b493","package_type":"package","imports":["kiwisolver"],"depends":[]},"lzma":{"name":"lzma","version":"1.0.0","file_name":"lzma-1.0.0.zip","install_dir":"stdlib","sha256":"04cc114bd5687f977556e486c03fad386062d949acd34f7b3fe5bb809286ccbb","package_type":"cpython_module","imports":["lzma","_lzma"],"shared_library":true,"depends":[]},"markupsafe":{"name":"MarkupSafe","version":"2.1.2","file_name":"MarkupSafe-2.1.2-cp311-cp311-emscripten_3_1_32_wasm32.whl","install_dir":"site","sha256":"be42ecc28218c663304274250b6b5aa2be58d40201aa430ca918e90dd284bb1d","package_type":"package","imports":["markupsafe"],"depends":[]},"matplotlib":{"name":"matplotlib","version":"3.5.2","file_name":"matplotlib-3.5.2-cp311-cp311-emscripten_3_1_32_wasm32.whl","install_dir":"site","sha256":"3ad6ed9bdf6952a4d89c472f5eb6965adccff7c505a5b4056ef3d1fd41508796","package_type":"package","imports":["pylab","mpl_toolkits","matplotlib"],"depends":["cycler","fonttools","kiwisolver","numpy","packaging","pillow","pyparsing","python-dateutil","pytz","matplotlib-pyodide"],"unvendored_tests":true},"matplotlib-pyodide":{"name":"matplotlib-pyodide","version":"0.1.1","file_name":"matplotlib_pyodide-0.1.1-py3-none-any.whl","install_dir":"site","sha256":"0337ea906619580e12e73f278d2eb70145eb8c3448f54f2589f0b00b41bc7861","package_type":"package","imports":["matplotlib_pyodide"],"depends":[]},"matplotlib-tests":{"name":"matplotlib-tests","version":"3.5.2","depends":["matplotlib"],"imports":[],"file_name":"matplotlib-tests.tar","install_dir":"site","sha256":"6fbe48bbd9748190be1ad2dd91d5e17fb8860cadda177ab9e6dc699e2690cc9b"},"micropip":{"name":"micropip","version":"0.3.0","file_name":"micropip-0.3.0-py3-none-any.whl","install_dir":"site","sha256":"0d2c2dd2f85d7b97ad41d12ae6f09fa0cac5f845f00018628dfd73980358bfc7","package_type":"package","imports":["micropip"],"depends":["packaging"]},"numpy":{"name":"numpy","version":"1.24.2","file_name":"numpy-1.24.2-cp311-cp311-emscripten_3_1_32_wasm32.whl","install_dir":"site","sha256":"a67e8b1510e890054b6defc0e48d34459bd14d82b7ec38ed5d3ebc6ff3ce3144","package_type":"package","imports":["numpy"],"depends":[],"unvendored_tests":true},"numpy-tests":{"name":"numpy-tests","version":"1.24.2","depends":["numpy"],"imports":[],"file_name":"numpy-tests.tar","install_dir":"site","sha256":"dc44d26f4dccf7a8e64e6cb88cf56a7901825894a940e7ba33145e871f91a70b"},"openssl":{"name":"openssl","version":"1.1.1n","file_name":"openssl-1.1.1n.zip","install_dir":"dynlib","sha256":"2df95b5b088e84c7e42a2667f067ca3f049bc48baef7d58569847c682a9c95c3","package_type":"shared_library","imports":[],"shared_library":true,"depends":[]},"packaging":{"name":"packaging","version":"23.0","file_name":"packaging-23.0-py3-none-any.whl","install_dir":"site","sha256":"94f26f035e76d46df8467efff3bf3319749fd72f4a29b5c482df871d6c3c71ef","package_type":"package","imports":["packaging"],"depends":[]},"pandas":{"name":"pandas","version":"1.5.3","file_name":"pandas-1.5.3-cp311-cp311-emscripten_3_1_32_wasm32.whl","install_dir":"site","sha256":"0a5be83e0c9a7b11e1afcd08c91caa27405781807e8f7679ebe51adedf613a1d","package_type":"package","imports":["pandas"],"depends":["numpy","python-dateutil","pytz"],"unvendored_tests":true},"pandas-tests":{"name":"pandas-tests","version":"1.5.3","depends":["pandas"],"imports":[],"file_name":"pandas-tests.tar","install_dir":"site","sha256":"350e56b83edb1fcb828db97729cdf628bb1d2762629f2867d7d7971af98f6839"},"pillow":{"name":"Pillow","version":"9.1.1","file_name":"PIL-9.1.1-cp311-cp311-emscripten_3_1_32_wasm32.whl","install_dir":"site","sha256":"ba0b71b60cace3d5319f376f4a030f2342f9d98a0969d045e518784989d8db78","package_type":"package","imports":["PIL"],"depends":[]},"pycparser":{"name":"pycparser","version":"2.21","file_name":"pycparser-2.21-py2.py3-none-any.whl","install_dir":"site","sha256":"9da6a1fdde9c66f6c753e71105c87b20f0e79b4f808084d0b51d31394f82e127","package_type":"package","imports":["pycparser"],"depends":[]},"pydantic":{"name":"pydantic","version":"1.10.7","file_name":"pydantic-1.10.7-py3-none-any.whl","install_dir":"site","sha256":"bfe5ab13313682db2d172cbe0812f37e6d8f7add27d5241f8f51b94740055f86","package_type":"package","imports":["pydantic"],"depends":["typing-extensions"]},"pydecimal":{"name":"pydecimal","version":"1.0.0","file_name":"pydecimal-1.0.0.zip","install_dir":"stdlib","sha256":"bfd3e4a3f8ea22da191e0c0be7844581fee7471143b8abbcd1335d60b2dbf793","package_type":"cpython_module","imports":["_pydecimal"],"shared_library":true,"depends":[]},"pydoc_data":{"name":"pydoc_data","version":"1.0.0","file_name":"pydoc_data-1.0.0.zip","install_dir":"stdlib","sha256":"ad78faaff2057d9fcbdea4170847eceba487e17b3d34bdde7608edb7406c38f5","package_type":"cpython_module","imports":["pydoc_data"],"shared_library":true,"depends":[]},"pyparsing":{"name":"pyparsing","version":"3.0.9","file_name":"pyparsing-3.0.9-py3-none-any.whl","install_dir":"site","sha256":"677bebc19f2b3f68a4ba03b102573478a4a19e2819b2033caa43e1d75de12649","package_type":"package","imports":["pyparsing"],"depends":[]},"pyrsistent":{"name":"pyrsistent","version":"0.19.3","file_name":"pyrsistent-0.19.3-cp311-cp311-emscripten_3_1_32_wasm32.whl","install_dir":"site","sha256":"119fd31f4908388f1c23d41d8e6d153ba78afe8738fc675ff5d5ca620594ec65","package_type":"package","imports":["_pyrsistent_version","pyrsistent"],"depends":[]},"python-dateutil":{"name":"python-dateutil","version":"2.8.2","file_name":"python_dateutil-2.8.2-py2.py3-none-any.whl","install_dir":"site","sha256":"5dc287a3c86c7d14814f8e455172cb950fc09c68630943b036cdc84b4749a9ff","package_type":"package","imports":["dateutil"],"depends":["six"]},"pytz":{"name":"pytz","version":"2023.3","file_name":"pytz-2023.3-py2.py3-none-any.whl","install_dir":"site","sha256":"46fe7a1f45e985a2b6d2150ca57ffe749ea685bb8074bb7a43d937ecd5786ee2","package_type":"package","imports":["pytz"],"depends":[]},"scikit-learn":{"name":"scikit-learn","version":"1.2.2","file_name":"scikit_learn-1.2.2-cp311-cp311-emscripten_3_1_32_wasm32.whl","install_dir":"site","sha256":"e150164dfe137e4a5462cd0976d3aea2a5d6e3ee68e485cca07df60bd3bfbb09","package_type":"package","imports":["sklearn"],"depends":["scipy","joblib","threadpoolctl"],"unvendored_tests":true},"scikit-learn-tests":{"name":"scikit-learn-tests","version":"1.2.2","depends":["scikit-learn"],"imports":[],"file_name":"scikit-learn-tests.tar","install_dir":"site","sha256":"138b3f903e6baf0d4ad68337c44fb22ea40779a9985d3360dd96af1d74476eb4"},"scipy":{"name":"scipy","version":"1.9.3","file_name":"scipy-1.9.3-cp311-cp311-emscripten_3_1_32_wasm32.whl","install_dir":"site","sha256":"a0747ef62f932afc1cbd855732789b07bd3e1cd9ddaac0cf697b53c7eb6006e3","package_type":"package","imports":["scipy"],"depends":["numpy","clapack"],"unvendored_tests":true},"scipy-tests":{"name":"scipy-tests","version":"1.9.3","depends":["scipy"],"imports":[],"file_name":"scipy-tests.tar","install_dir":"site","sha256":"16e4fb467d74ee681a4e933461778769b5d8fb1ec15137527fa51d0b4e84b03f"},"six":{"name":"six","version":"1.16.0","file_name":"six-1.16.0-py2.py3-none-any.whl","install_dir":"site","sha256":"8550c60fde6fa11e68ad0c39d4a6f83e33825aee96d63efbdca6c2f0f4f42ff5","package_type":"package","imports":["six"],"depends":[]},"sqlite3":{"name":"sqlite3","version":"1.0.0","file_name":"sqlite3-1.0.0.zip","install_dir":"stdlib","sha256":"e08c2367ee0c3e03b73826cd96eeede26c43b2322ca9e35c748089f0f15aaf4a","package_type":"cpython_module","imports":["sqlite3","_sqlite3"],"shared_library":true,"depends":[]},"ssl":{"name":"ssl","version":"1.0.0","file_name":"ssl-1.0.0.zip","install_dir":"stdlib","sha256":"42af816bc0bafcf6a22372c6024f675eceb56086b276280a1716fa2bb699c622","package_type":"cpython_module","imports":["ssl","_ssl"],"shared_library":true,"depends":["openssl"]},"test":{"name":"test","version":"1.0.0","file_name":"test-1.0.0.zip","install_dir":"stdlib","sha256":"e6b99f31926b5d7219752c53e8c27c52f09d4953d0029f4980e9897f074ce102","package_type":"cpython_module","imports":["test"],"shared_library":true,"depends":[]},"threadpoolctl":{"name":"threadpoolctl","version":"3.1.0","file_name":"threadpoolctl-3.1.0-py3-none-any.whl","install_dir":"site","sha256":"3e123c7532772a944c1a076344038aacb4273391a3c66568096ff1586b7e87b8","package_type":"package","imports":["threadpoolctl"],"depends":[]},"toolz":{"name":"toolz","version":"0.12.0","file_name":"toolz-0.12.0-py3-none-any.whl","install_dir":"site","sha256":"959fbe2382ab94daacf830d35b0644b03ad76ddb5a5f017aea911d07a686f149","package_type":"package","imports":["tlz","toolz"],"depends":[],"unvendored_tests":true},"toolz-tests":{"name":"toolz-tests","version":"0.12.0","depends":["toolz"],"imports":[],"file_name":"toolz-tests.tar","install_dir":"site","sha256":"f29fbe163cfdd7e94c69c3773ef30d67ec9382e61d28da96c5f65633508e6eda"},"typing-extensions":{"name":"typing-extensions","version":"4.5.0","file_name":"typing_extensions-4.5.0-py3-none-any.whl","install_dir":"site","sha256":"eb57324169a3e9b11800a367c0927ce57e27c44f8111755f21e6db7d63e55d06","package_type":"package","imports":["typing_extensions"],"depends":[]},"vega-datasets":{"name":"vega-datasets","version":"0.9.0","file_name":"vega_datasets-0.9.0-py3-none-any.whl","install_dir":"site","sha256":"ce59b5613649b6481bba6ac776fae66cb600a94a97964fc20920be55011a3742","package_type":"package","imports":["vega-datasets"],"depends":["pandas"],"unvendored_tests":true},"vega-datasets-tests":{"name":"vega-datasets-tests","version":"0.9.0","depends":["vega-datasets"],"imports":[],"file_name":"vega-datasets-tests.tar","install_dir":"site","sha256":"00b7bb529f862c7d658271ab84eaa819b4b21e88755703fa49e040af677e39b5"}}}